X,Y,15
78.3561619582935,17.5609161541481,227.92
78.3559990796958,17.5407650485861,191.44
78.3484895301631,17.5318016408272,300.25
78.3535401501451,17.5350518903363,94.54
78.3524549522258,17.5263958868605,286.97
78.35256230777,17.5173995864957,277.33
78.3526932482875,17.5083701992368,59.26
78.3528241104752,17.4993408028253,140.43
78.3529548943512,17.4903113972656,111.42
78.3530855999333,17.4812819825618,338.88
78.3532162272395,17.4722525587184,294.13
78.3533467762879,17.4632231257397,67.69
78.3534772470961,17.4541936836298,195.96
78.3536076396824,17.4451642323932,102.9
78.3537379540644,17.436134772034,177.45
78.3538681902601,17.4271053025567,325.47
78.3539983482874,17.4180758239654,224.82
78.3541284281641,17.4090463362646,262.82
78.3542584299082,17.4000168394585,321.14
78.3543883535373,17.3909873335514,245.78
78.3545181990695,17.3819578185476,220.41
78.3546479665224,17.3729282944514,389.28
78.3547776559138,17.3638987612671,345.92
78.362120269577,17.5622915085344,265.0
78.363470765729,17.5536923573563,196.82
78.3621396740988,17.5443032404136,160.5
78.3617119597235,17.5355839193446,120.92
78.3618425922642,17.5265544816707,8.68
78.3619731467167,17.5175250348422,254.84
78.3621036230989,17.5084955788634,263.41
78.3622340214288,17.4994661137386,104.1
78.3623643417243,17.4904366394721,181.39
78.3624945840033,17.4814071560681,180.4
78.3626247482837,17.4723776635309,99.94
78.3627548345833,17.4633481618649,143.91
78.3628848429201,17.4543186510744,56.2
78.3630147733118,17.4452891311636,45.89
78.3631446257764,17.4362596021368,164.41
78.3632744003316,17.4272300639983,295.36
78.3634040969954,17.4182005167524,86.99
78.3635337157853,17.4091709604034,365.23
78.3636632567193,17.4001413949556,56.52
78.3637927198152,17.3911118204134,188.04
78.3639221050906,17.3820822367809,277.4
78.3640514125634,17.3730526440625,579.62
78.3641806422513,17.3640230422625,689.34
78.3643097941719,17.3549934313852,322.47
78.3708632367116,17.553768043974,391.21
78.3709935602188,17.5447385561201,181.22
78.3711238058796,17.5357090591096,284.16
78.3712539737119,17.5266795529468,48.38
78.3713840637336,17.5176500376358,216.83
78.3715140759626,17.5086205131811,150.58
78.3716440104167,17.4995909795869,181.33
78.3717738671139,17.4905614368575,201.54
78.3719036460719,17.4815318849972,219.89
78.3720333473085,17.4725023240102,212.07
78.3721629708416,17.4634727539009,91.87
78.372292516689,17.4544431746735,97.3
78.3724219848685,17.4454135863323,276.55
78.3725513753978,17.4363839888816,180.47
78.3726806882947,17.4273543823257,99.73
78.3728099235771,17.418324766669,96.85
78.3729390812624,17.4092951419156,178.63
78.3730681613687,17.4002655080699,122.71
78.3731971639134,17.3912358651361,327.18
78.3733260889144,17.3822062131186,336.27
78.3734549363894,17.3731765520217,289.33
78.3735837063559,17.3641468818496,322.03
78.3737123988317,17.3551172026066,342.33
78.3801461551696,17.5629224211486,335.85
78.3802760909817,17.5538928741912,476.14
78.3804059492072,17.5448633180794,198.25
78.3805357298641,17.5358337528174,388.15
78.3806654329702,17.5268041784097,145.41
78.3807950585432,17.5177745948603,61.37
78.3809246066012,17.5087450021737,94.09
78.3810540771617,17.4997154003541,50.49
78.3811834702426,17.4906857894058,112.66
78.3813127858618,17.481656169333,169.33
78.3814420240368,17.4726265401401,111.94
78.3815711847856,17.4635969018312,87.47
78.3817002681259,17.4545672544108,128.76
78.3818292740753,17.4455375978831,125.16
78.3819582026516,17.4365079322524,181.78
78.3820870538725,17.4274782575229,216.03
78.3822158277556,17.418448573699,272.84
78.3823445243187,17.409418880785,270.75
78.3824731435795,17.400389178785,11.78
78.3826016855554,17.3913594677035,332.75
78.3827301502643,17.3823297475446,480.82
78.3828585377237,17.3733000183128,295.39
78.3829868479513,17.3642702800122,196.98
78.3831150809645,17.3552405326472,204.15
78.3894300050423,17.5720764786502,527.36
78.3895595526035,17.5630468728246,410.99
78.3896890228383,17.5540172578468,358.64
78.3898184157643,17.5449876337212,235.36
78.3899477313995,17.5359580004519,253.45
78.3900769697615,17.5269283580433,239.45
78.3902061308681,17.5178987064995,223.73
78.3903352147371,17.508869045825,146.51
78.3904642213862,17.4998393760239,100.32
78.3905931508332,17.4908096971006,62.92
78.3907220030957,17.4817800090593,52.48
78.3908507781915,17.4727503119044,120.45
78.3909794761382,17.46372060564,246.6
78.3911080969536,17.4546908902704,147.9
78.3912366406552,17.4456611658,40.88
78.3913651072608,17.4366314322331,65.64
78.3914934967879,17.4276016895738,310.66
78.3916218092543,17.4185719378265,192.73
78.3917500446774,17.4095421769955,166.36
78.391878203075,17.400512407085,51.77
78.3920062844646,17.3914826280994,160.02
78.3921342888637,17.3824528400429,302.6
78.3922622162899,17.3734230429198,278.59
78.3923900667609,17.3643932367344,73.39
78.392517840294,17.355363421491,339.72
78.398714786921,17.5812302157453,527.04
78.3988439456757,17.572200551287,504.43
78.3989730273639,17.5631708776787,398.25
78.3991020320036,17.5541411949248,411.42
78.3992309596123,17.5451115030294,403.72
78.3993598102079,17.5360818019968,242.33
78.3994885838081,17.5270520918313,198.31
78.3996172804305,17.5180223725373,150.65
78.3997459000929,17.5089926441188,161.1
78.3998744428129,17.4999629065803,112.64
78.4000029086082,17.490933159926,35.58
78.4001312974964,17.4819034041601,45.28
78.4002596094952,17.472873639287,326.02
78.4003878446222,17.4638438653109,304.72
78.400516002895,17.4548140822361,211.48
78.4006440843312,17.4457842900669,236.19
78.4007720889484,17.4367544888075,50.19
78.4009000167642,17.4277246784622,164.07
78.4010278677961,17.4186948590354,145.97
78.4011556420617,17.4096650305312,45.3
78.4012833395785,17.400635192954,160.97
78.4014109603641,17.391605346308,114.52
78.4015385044359,17.3825754905975,13.95
78.4016659718115,17.3735456258268,155.84
78.4017933625083,17.3645157520002,213.08
78.4019206765438,17.3554858691219,360.35
78.4081292707895,17.581353908845,636.81
78.4082579633755,17.5723241768417,674.14
78.408386579173,17.5632944356949,383.01
78.4085151181998,17.5542646854089,302.19
78.4086435804735,17.5452349259878,337.19
78.4087719660119,17.5362051574361,424.4
78.4089002748325,17.5271753797578,407.03
78.409028506953,17.5181455929574,356.67
78.4091566623911,17.5091157970391,143.28
78.4092847411643,17.5000859920072,94.06
78.4094127432902,17.4910561778658,30.26
78.4095406687865,17.4820263546193,121.26
78.4096685176707,17.472996522272,141.92
78.4097962899603,17.4639666808282,251.39
78.409923985673,17.454936830292,65.09
78.4100516048262,17.4459069706678,312.24
78.4101791474374,17.4368771019598,379.46
78.4103066135243,17.4278472241723,83.41
78.4104340031043,17.4188173373097,90.55
78.4105613161948,17.4097874413761,148.29
78.4106885528133,17.4007575363758,102.17
78.4108157129774,17.3917276223131,295.62
78.4109427967044,17.3826976991924,106.03
78.4110698040118,17.3736677670178,32.48
78.411196734917,17.3646378257936,286.2
78.4113235894374,17.3556078755242,421.84
78.4174155285366,17.5905069447651,461.11
78.4175438314642,17.5814771546023,462.95
78.4176720578637,17.5724473552982,573.51
78.4178002077527,17.5634175468571,277.03
78.417928281149,17.5543877292831,267.69
78.4180562780701,17.5453579025805,333.38
78.4181841985335,17.5363280667537,253.36
78.418312042557,17.5272982218068,194.08
78.418439810158,17.5182683677441,289.18
78.4185675013541,17.5092385045699,188.8
78.418695116163,17.5002086322885,70.9
78.418822654602,17.4911787509041,146.29
78.4189501166887,17.482148860421,174.49
78.4190775024407,17.4731189608434,82.58
78.4192048118755,17.4640890521757,152.36
78.4193320450104,17.455059134422,29.19
78.4194592018631,17.4460292075866,82.79
78.4195862824509,17.4369992716739,145.66
78.4197132867913,17.4279693266881,63.79
78.4198402149018,17.4189393726334,62.67
78.4199670667998,17.4099094095142,142.64
78.4200938425026,17.4008794373347,112.44
78.4202205420277,17.3918494560991,98.77
78.4203471653924,17.3828194658117,164.13
78.4204737126143,17.3737894664769,126.92
78.4206001837104,17.3647594580988,124.24
78.4207265786984,17.3557294406819,118.27
78.4267027195083,17.5996596583136,535.59
78.4268306322214,17.590629810227,626.99
78.4269584686668,17.5815999530012,355.79
78.4270862288623,17.5725700866405,326.6
78.4272139128253,17.5635402111492,272.62
78.4273415205734,17.5545103265314,179.26
78.4274690521242,17.5454804327914,125.26
78.4275965074952,17.5364505299336,338.18
78.4277238867039,17.5274206179621,263.67
78.4278511897678,17.5183906968813,238.27
78.4279784167045,17.5093607666953,284.1
78.4281055675314,17.5003308274084,90.85
78.428232642266,17.4913008790249,287.82
78.4283596409257,17.4822709215491,244.97
78.428486563528,17.4732409549853,119.82
78.4286134100904,17.4642109793375,119.86
78.4287401806302,17.4551809946103,54.66
78.4288668751648,17.4461510008077,57.68
78.4289934937118,17.4371209979341,90.6
78.4291200362883,17.4280909859937,58.34
78.4292465029119,17.4190609649909,15.13
78.4293728935999,17.4100309349298,122.56
78.4294992083696,17.4010008958147,132.28
78.4296254472384,17.39197084765,70.5
78.4297516102235,17.3829407904398,21.49
78.4298776973423,17.3739107241884,116.33
78.4300037086122,17.3648806489001,54.87
78.4301296440503,17.3558505645792,215.61
78.4361183662385,17.5997821429821,774.07
78.4362458121737,17.5907522280703,632.94
78.4363731821195,17.5817223040257,497.42
78.4365004760933,17.5726923708527,953.5
78.4366276941127,17.5636624285553,289.97
78.4367548361951,17.5546324771379,222.11
78.4368819023581,17.5456025166047,178.14
78.4370088926191,17.53657254696,35.95
78.4371358069956,17.527542568208,175.13
78.4372626455049,17.518512580353,56.97
78.4373894081647,17.5094825833992,110.25
78.4375160949922,17.500452577351,261.68
78.4376427060048,17.4914225622125,198.89
78.4377692412201,17.4823925379879,166.71
78.4378957006553,17.4733625046817,228.2
78.4380220843278,17.464332462298,293.54
78.438148392255,17.455302410841,40.13
78.4382746244543,17.4462723503151,19.2
78.438400780943,17.4372422807245,36.64
78.4385268617383,17.4282122020734,133.99
78.4386528668577,17.4191821143662,89.14
78.4387787963183,17.410152017607,51.76
78.4389046501375,17.4011219118002,239.47
78.4390304283326,17.39209179695,51.99
78.4391561309208,17.3830616730607,34.87
78.4392817579194,17.3740315401365,150.31
78.4394073093456,17.3650013981817,160.95
78.4395327852166,17.3559712472006,103.81
78.4455340889757,17.5999041797717,886.47
78.4456610681156,17.590874198279,610.12
78.4457879715441,17.58184420766,772.75
78.4459147992788,17.5728142079187,757.34
78.4460415513371,17.5637841990595,483.66
78.4461682277364,17.5547541810867,393.92
78.4462948284941,17.5457241540044,294.38
78.4464213536276,17.5366941178169,211.47
78.4465478031543,17.5276640725286,108.31
78.4466741770917,17.5186340181435,20.64
78.4468004754571,17.509603954666,52.07
78.4469266982677,17.5005738821004,286.34
78.4470528455411,17.4915438004508,64.66
78.4471789172945,17.4825137097216,64.25
78.4473049135452,17.4734836099169,96.55
78.4474308343106,17.4644535010411,258.24
78.4475566796079,17.4554233830984,113.32
78.4476824494544,17.4463932560931,59.53
78.4478081438675,17.4373631200293,18.47
78.4479337628643,17.4283329749114,86.74
78.4480593064621,17.4193028207436,58.7
78.4481847746781,17.4102726575302,120.55
78.4483101675296,17.4012424852754,123.51
78.4484354850338,17.3922123039835,47.98
78.4485607272078,17.3831821136588,111.29
78.4486858940689,17.3741519143055,101.52
78.4488109856342,17.3651217059279,282.22
78.4489360019209,17.3560914885301,137.1
78.4549498874417,17.6000257686667,759.55
78.4550763997687,17.5909957208374,613.22
78.4552028366626,17.581965663888,707.64
78.4553291981408,17.5729355978228,1019.44
78.4554554842205,17.563905522646,395.98
78.4555816949191,17.5548754383619,252.07
78.4557078302541,17.5458453449747,336.02
78.4558338902428,17.5368152424886,206.75
78.4559598749025,17.527785130908,233.15
78.4560857842505,17.518755010237,229.32
78.4562116183041,17.5097248804799,67.5
78.4563373770806,17.5006947416409,136.34
78.4564630605973,17.4916645937243,186.07
78.4565886688715,17.4826344367343,181.65
78.4567142019205,17.4736042706753,139.47
78.4568396597614,17.4645740955513,5.82
78.4569650424115,17.4555439113668,192.08
78.457090349888,17.4465137181259,140.16
78.4572155822082,17.4374835158329,79.68
78.4573407393892,17.428453304492,22.16
78.4574658214483,17.4194230841075,16.79
78.4575908284025,17.4103928546836,63.89
78.457715760269,17.4013626162247,56.11
78.457840617065,17.3923323687349,27.31
78.4579653988077,17.3833021122185,112.68
78.4580901055141,17.3742718466798,162.31
78.4582147372014,17.365241572123,61.2
78.4583392938867,17.3562112885524,136.02
78.4643657613582,17.6001469096512,583.79
78.4644918068551,17.5911167957295,564.93
78.4646177771969,17.5820866726941,700.33
78.4647436724011,17.5730565405492,764.4
78.4648694924849,17.564026399299,342.69
78.4649952374656,17.5549962489478,273.72
78.4651209073606,17.5459660894999,189.7
78.4652465021871,17.5369359209594,273.58
78.4653720219623,17.5279057433305,394.86
78.4654974667036,17.5188755566177,236.73
78.4656228364282,17.509845360825,135.61
78.4657481311533,17.5008151559568,103.45
78.4658733508961,17.4917849420172,504.37
78.4659984956739,17.4827547190105,544.54
78.4661235655038,17.473724486941,286.61
78.466248560403,17.4646942458129,273.89
78.4663734803887,17.4556639956305,490.75
78.466498325478,17.4466337363979,13.54
78.4666230956881,17.4376034681195,371.29
78.4667477910362,17.4285731907995,389.07
78.4668724115392,17.4195429044422,116.36
78.4669969572144,17.4105126090517,50.9
78.4671214280789,17.4014823046324,96.66
78.4672458241497,17.3924519911885,76.41
78.4673701454439,17.3834216687242,89.11
78.4674943919785,17.3743913372438,77.81
78.4676185637707,17.3653609967516,48.72
78.4677426608374,17.3563306472517,78.95
78.4737817104472,17.6002676027094,714.9
78.4739072890964,17.5912374229397,531.39
78.4740327928689,17.5822072340625,500.75
78.4741582217818,17.5731770360822,559.48
78.4742835758523,17.5641468290028,387.02
78.4744088550978,17.5551166128288,516.93
78.4745340595355,17.5460863875642,99.03
78.4746591891825,17.5370561532134,422.92
78.4747842440561,17.5280259097806,293.57
78.4749092241735,17.51899565727,115.01
78.4750341295518,17.5099653956858,104.26
78.4751589602082,17.5009351250323,100.46
78.47528371616,17.4919048453138,183.93
78.4754083974241,17.4828745565344,217.0
78.4755330040178,17.4738442586985,102.07
78.4756575359581,17.4648139518102,92.19
78.4757819932622,17.4557836358738,85.5
78.4759063759472,17.4467533108936,173.5
78.4760306840301,17.4377229768737,141.02
78.476154917528,17.4286926338185,195.78
78.4762790764581,17.4196622817321,211.84
78.4764031608372,17.4106319206189,60.04
78.4765271706825,17.401601550483,62.01
78.476651106011,17.3925711713287,43.25
78.4767749668396,17.3835407831603,57.81
78.4768987531854,17.374510385982,123.54
78.4770224650654,17.365479979798,110.11
78.4771461024965,17.3564495646127,64.08
78.4831977344302,17.6003878478257,675.44
78.4833228462146,17.5913576024522,667.33
78.4834478834004,17.5823273479776,740.84
78.4835728460048,17.573297084406,406.15
78.4836977340449,17.5642668117418,393.06
78.4838225475379,17.555236529989,493.56
78.483947286501,17.5462062391521,302.39
78.4840719509514,17.5371759392351,152.73
78.4841965409061,17.5281456302424,120.48
78.4843210563824,17.5191153121782,58.97
78.4844454973973,17.5100849850466,65.92
78.4845698639679,17.501054648852,63.97
78.4846941561114,17.4920243035986,339.21
78.4848183738447,17.4829939492906,189.24
78.4849425171851,17.4739635859322,12.21
78.4850665861494,17.4649332135277,36.47
78.4851905807549,17.4559028320813,104.52
78.4853145010184,17.4468724415973,51.41
78.4854383469571,17.4378420420799,85.51
78.4855621185879,17.4288116335333,144.5
78.4856858159278,17.4197812159618,133.09
78.4858094389938,17.4107507893696,28.29
78.4859329878029,17.401720353761,34.9
78.486056462372,17.3926899091402,81.62
78.4861798627181,17.3836594555114,141.01
78.4863031888581,17.3746289928789,62.71
78.486426440809,17.365598521247,65.49
78.4865496185876,17.3565680406198,158.13
78.4927384779314,17.5914773342514,522.84
78.4928630485134,17.5824470144236,463.49
78.492987544792,17.5734166855051,364.28
78.4931119667845,17.5643863475002,379.02
78.4932363145079,17.5553560004131,382.02
78.4933605879793,17.5463256442479,158.66
78.4934847872159,17.537295279009,318.77
78.4936089122346,17.5282649047006,275.24
78.4937329630527,17.5192345213268,295.18
78.493856939687,17.510204128892,186.33
78.4939808421548,17.5011737274003,191.07
78.4941046704729,17.492143316856,324.14
78.4942284246584,17.4831128972634,228.25
78.4943521047284,17.4740824686266,307.97
78.4944757106997,17.4650520309499,104.34
78.4945992425894,17.4560215842375,86.23
78.4947227004145,17.4469911284936,109.67
78.4948460841919,17.4379606637225,74.15
78.4949693939386,17.4289301899285,161.32
78.4950926296714,17.4198997071157,93.57
78.4952157914073,17.4108692152885,121.21
78.4953388791633,17.401838714451,72.39
78.4954618929561,17.3928082046074,23.7
78.4955848328027,17.383777685762,93.74
78.49570769872,17.3747471579192,21.39
78.4958304907248,17.365716621083,187.77
78.495953208834,17.3566860752577,27.55
78.5021541839687,17.5915966183218,691.11
78.5022782879296,17.5825662333851,605.66
78.5024023178654,17.573535839364,558.9
78.5025262737931,17.5645054362626,449.18
78.5026501557298,17.5554750240853,601.38
78.5027739636924,17.5464446028361,281.72
78.5028976976981,17.5374141725195,247.02
78.5030213577639,17.5283837331395,201.23
78.5031449439066,17.5193532847003,152.45
78.5032684561434,17.5103228272064,50.49
78.5033918944912,17.5012923606617,262.52
78.503515258967,17.4922618850707,104.83
78.5036385495877,17.4832314004374,246.12
78.5037617663702,17.4742009067662,110.42
78.5038849093316,17.4651704040613,72.79
78.5040079784887,17.4561398923268,68.54
78.5041309738583,17.4471093715671,46.13
78.5042538954575,17.4380788417863,7.97
78.5043767433031,17.4290483029888,98.11
78.5044995174119,17.4200177551786,35.96
78.5046222178008,17.4109871983601,106.56
78.5047448444867,17.4019566325375,144.78
78.5048673974864,17.392926057715,112.34
78.5049898768167,17.3838954738969,189.39
78.5051122824944,17.3748648810874,114.13
78.5052346145363,17.3658342792907,115.27
78.5053568729592,17.3568036685111,31.94
78.5115699640482,17.5917154546478,822.41
78.5116936013711,17.5826850048466,772.21
78.5118171649469,17.5736545459671,616.82
78.5119406547928,17.5646240780136,572.65
78.5120640709257,17.5555936009902,702.57
78.5121874133626,17.5465631149013,764.17
78.5123106821204,17.5375326197511,386.88
78.5124338772161,17.5285021155437,303.88
78.5125569986665,17.5194716022833,159.52
78.5126800464888,17.5104410799743,186.8
78.5128030206997,17.5014105486208,64.38
78.5129259213162,17.4923800082271,48.93
78.5130487483551,17.4833494587973,57.73
78.5131715018333,17.4743189003357,68.07
78.5132941817678,17.4652883328466,273.1
78.5134167881753,17.456257756334,49.74
78.5135393210726,17.4472271708024,17.11
78.5136617804767,17.4381965762559,191.47
78.5137841664043,17.4291659726987,48.96
78.5139064788723,17.420135360135,62.59
78.5140287178974,17.4111047385692,99.94
78.5141508834964,17.4020741080054,54.66
78.5142729756861,17.3930434684478,80.34
78.5143949944832,17.3840128199007,128.39
78.5145169399045,17.3749821623683,73.83
78.5146388119668,17.3659514958548,37.14
78.5147606106867,17.3569208203646,116.88
78.5209858178917,17.591833843214,718.28
78.5211089885594,17.5828033287925,662.84
78.5212320857584,17.573772805299,539.02
78.5213551095055,17.5647422727375,574.49
78.5214780598177,17.5557117311125,643.16
78.5216009367118,17.5466811804281,651.77
78.5217237402047,17.5376506206884,476.07
78.5218464703134,17.5286200518978,264.49
78.5219691270547,17.5195894740604,147.9
78.5220917104455,17.5105588871805,154.47
78.5222142205026,17.5015282912622,102.43
78.5223366572429,17.4924976863099,227.94
78.5224590206832,17.4834670723276,267.38
78.5225813108402,17.4744364493197,134.85
78.5227035277309,17.4654058172904,277.6
78.522825671372,17.4563751762438,275.79
78.5229477417802,17.4473445261842,181.25
78.5230697389724,17.4383138671159,70.88
78.5231916629653,17.429283199043,174.54
78.5233135137756,17.4202525219698,171.78
78.52343529142,17.4112218359004,207.59
78.5235569959154,17.4021911408392,484.78
78.5236786272783,17.3931604367904,37.17
78.5238001855256,17.3841297237581,295.82
78.5239216706738,17.3750990017467,97.57
78.5240430827396,17.3660682707602,50.03
78.5241644217397,17.3570375308031,40.12
78.5305244492167,17.5829212052076,903.56
78.5306470800218,17.5738906173442,653.1
78.5307696376532,17.5648600204192,633.32
78.5308921221277,17.5558294144367,522.39
78.5310145334621,17.546798799401,451.33
78.5311368716733,17.5377681753162,455.59
78.5312591367782,17.5287375421865,332.02
78.5313813287934,17.5197069000162,303.45
78.5315034477359,17.5106762488095,235.4
78.5316254936224,17.5016455885706,184.63
78.5317474664696,17.4926149193038,149.4
78.5318693662944,17.4835842410131,115.55
78.5319911931135,17.474553553703,157.46
78.5321129469436,17.4655228573774,200.63
78.5322346278015,17.4564921520408,106.24
78.5323562357038,17.4474614376973,127.5
78.5324777706674,17.4384307143511,96.39
78.5325992327087,17.4293999820064,18.74
78.5327206218447,17.4203692406675,284.16
78.5328419380918,17.4113384903386,312.29
78.5329631814668,17.4023077310239,681.28
78.5330843519863,17.3932769627277,108.34
78.533205449667,17.384246185454,166.52
78.5333264745254,17.3752153992073,108.76
78.5334474265782,17.3661846039917,75.46
78.5335683058419,17.3571537998113,27.81
78.5399399830645,17.5830386340764,848.22
78.5400621474589,17.5740079820876,942.08
78.5401842389577,17.5649773210433,738.04
78.5403062575777,17.5559466509476,495.83
78.5404282033357,17.5469159718048,458.49
78.5405500762483,17.537885283619,627.1
78.5406718763325,17.5288545863945,272.95
78.5407936036049,17.5198238801355,136.66
78.5409152580823,17.5107931648462,74.4
78.5410368397813,17.5017624405308,5.45
78.5411583487188,17.4927317071936,50.84
78.5412797849114,17.4837009648386,76.66
78.5414011483757,17.4746702134702,20.35
78.5415224391286,17.4656394530926,71.44
78.5416436571865,17.4566086837099,115.18
78.5417648025663,17.4475779053264,139.16
78.5418858752845,17.4385471179463,37.88
78.5420068753577,17.4295163215738,164.99
78.5421278028026,17.4204855162132,18.92
78.5422486576357,17.4114547018686,42.81
78.5423694398737,17.4024238785443,73.25
78.5424901495331,17.3933930462444,182.25
78.5426107866306,17.3843622049733,328.41
78.5427313511826,17.3753313547351,82.21
78.5428518432057,17.366300495534,40.47
78.5429722627165,17.3572696273743,56.08
78.5493555898247,17.5831556153837,918.19
78.5494772877917,17.5741248995138,798.17
78.5495989131411,17.5650941745945,642.23
78.5497204658898,17.5560634406299,840.19
78.5498419460545,17.5470326976242,479.23
78.5499633536518,17.5380019455818,376.94
78.5500846886986,17.5289711845067,407.84
78.5502059512114,17.5199404144031,662.38
78.5503271412069,17.5109096352754,172.42
78.5504482587019,17.5018788471276,149.59
78.5505693037129,17.492848049964,155.0
78.5506902762566,17.4838172437889,44.65
78.5508111763495,17.4747864286063,90.21
78.5509320040084,17.4657556044206,83.67
78.5510527592498,17.4567247712359,51.0
78.5511734420903,17.4476939290564,160.55
78.5512940525465,17.4386630778864,113.1
78.5514145906349,17.4296322177301,74.05
78.5515350563722,17.4206013485916,302.85
78.5516554497747,17.4115704704753,93.71
78.5517757708592,17.4025395833852,152.29
78.5518960196419,17.3935086873257,91.51
78.5520161961396,17.3844777823009,148.93
78.5521363003687,17.375446868315,72.22
78.5522563323457,17.3664159453723,12.35
78.5523762920869,17.357385013477,135.97
78.5587712692192,17.5832721491143,946.6
78.5588925007418,17.5742413696076,886.03
78.5590136599252,17.5652105810576,758.99
78.5591347467859,17.5561797834683,736.71
78.5592557613406,17.5471489768442,618.89
78.559376703606,17.5381181611892,786.29
78.5594975735986,17.5290873365077,581.58
78.5596183713352,17.5200565028038,217.52
78.5597390968322,17.5110256600818,60.33
78.5598597501064,17.5019948083458,252.32
78.5599803311743,17.4929639476001,207.27
78.5601008400524,17.4839330778488,137.68
78.5602212767574,17.4749021990962,114.11
78.5603416413057,17.4658713113464,64.23
78.560461933714,17.4568404146038,85.82
78.5605821539987,17.4478095088723,218.63
78.5607023021763,17.4387785941564,91.95
78.5608223782634,17.4297476704602,104.8
78.5609423822764,17.4207167377878,116.96
78.5610623142319,17.4116857961436,184.55
78.5611821741462,17.4026548455317,72.33
78.5613019620359,17.3936238859563,61.54
78.5614216779173,17.3845929174217,375.63
78.561541321807,17.375561939932,127.9
78.5616608937213,17.3665309534915,162.06
78.5617803936766,17.3574999581043,113.66
78.5683077860314,17.5743573923539,823.21
78.568428479032,17.5653265404175,780.06
78.568549099988,17.5562956794479,639.03
78.5686696489161,17.5472648094494,769.91
78.5687901258328,17.5382339304263,913.76
78.5689105307547,17.5292030423826,932.86
78.5690308636984,17.5201721453226,314.58
78.5691511246804,17.5111412392505,221.01
78.5692713137172,17.5021103241704,156.19
78.5693914308254,17.4930794000867,100.68
78.5695114760215,17.4840484670034,195.15
78.5696314493219,17.4750175249248,20.18
78.5697513507431,17.465986573855,245.04
78.5698711803017,17.4569556137984,153.0
78.5699909380141,17.4479246447591,80.42
78.5701106238967,17.4388936667412,134.55
78.5702302379659,17.429862679749,317.67
78.5703497802383,17.4208316837868,99.85
78.5704692507302,17.4118006788586,212.14
78.5705886494579,17.4027696649687,93.49
78.570707976438,17.3937386421214,261.02
78.5708272316868,17.3847076103208,326.23
78.5709464152206,17.3756765695711,206.8
78.5710655270558,17.3666455198766,105.49
78.5711845672088,17.3576144612414,198.42
78.577723143382,17.5744729677376,1028.07
78.5778433701832,17.565442052659,771.57
78.577963525218,17.5564111285535,792.07
78.5780836085029,17.547380195425,946.25
78.5782036200544,17.5383492532779,648.54
78.5783235598891,17.5293183021163,425.23
78.5784434280234,17.5202873419443,225.5
78.5785632244737,17.5112563727663,137.51
78.5786829492567,17.5022253945864,196.39
78.5788026023887,17.4931944074087,226.13
78.5789221838861,17.4841634112375,123.46
78.5790416937655,17.4751324060771,154.73
78.5791611320432,17.4661013919314,209.62
78.5792804987357,17.4570703688049,175.03
78.5793997938593,17.4480393367016,186.66
78.5795190174303,17.4390082956258,148.1
78.5796381694654,17.4299772455817,123.6
78.5797572499806,17.4209461865735,93.42
78.5798762589925,17.4119151186053,163.26
78.5799951965174,17.4028840416814,36.13
78.5801140625715,17.393852955806,616.51
78.5802328571712,17.3848218609833,437.55
78.5803515803328,17.3757907572175,227.64
78.5804702320727,17.3667596445128,8.5
78.580588812407,17.3577285228733,454.73
78.5871385725156,17.5745880957435,917.98
78.5872583331009,17.5655571177673,914.61
78.5873780221979,17.55652613077,834.53
78.5874976398231,17.5474951347559,997.08
78.5876171859929,17.5384641297291,694.67
78.5877366607238,17.5294331156937,380.37
78.5878560640322,17.5204020926541,435.28
78.5879753959345,17.5113710606144,318.15
78.5880946564471,17.5023400195787,18.21
78.5882138455865,17.4933089695513,259.0
78.5883329633689,17.4842779105364,153.12
78.5884520098108,17.4752468425381,158.8
78.5885709849286,17.4662157655607,467.16
78.5886898887385,17.4571846796083,290.65
78.5888087212569,17.4481535846852,208.66
78.5889274825001,17.4391224807955,371.45
78.5890461724845,17.4300913679434,319.95
78.5891647912264,17.4210602461332,92.06
78.5892833387419,17.4120291153689,118.47
78.5894018150475,17.4029979756549,202.12
78.5895202201593,17.3939668269954,218.34
78.5896385540937,17.3849356693944,388.76
78.5897568168668,17.3759045028563,113.4
78.589875008495,17.3668733273852,140.48
78.5899931289943,17.3578421429853,287.95
78.596554073154,17.5747027763569,994.6
78.5966733675069,17.5656717357273,1118.98
78.5967925906496,17.5566406860826,979.9
78.5969117425987,17.5476096274271,892.09
78.5970308233703,17.5385785597648,811.25
78.597149832981,17.5295474831001,359.23
78.5972687714471,17.520516397437,709.44
78.5973876387849,17.5114853027797,334.35
78.5975064350108,17.5024541991325,186.7
78.5976251601412,17.4934230864996,28.23
78.5977438141922,17.484391964885,58.54
78.5978623971803,17.4753608342931,229.24
78.5979809091217,17.4663296947279,311.06
78.5980993500328,17.4572985461938,378.45
78.5982177199297,17.4482673886948,311.36
78.5983360188288,17.4392362222352,192.11
78.5984542467462,17.4302050468192,228.48
78.5985724036984,17.4211738624509,293.97
78.5986904897013,17.4121426691346,157.16
78.5988085047714,17.4031114668744,153.77
78.5989264489247,17.3940802556746,336.78
78.5990443221774,17.3850490355393,927.13
78.5991621245459,17.3760178064727,650.97
78.5992798560461,17.3669865684791,214.74
78.5993975166943,17.3579553215626,220.72
78.6059696450189,17.5748170095627,909.13
78.606088473123,17.5657859065241,1104.71
78.6062072302951,17.5567547944764,901.29
78.6063259165516,17.5477236734237,687.53
78.6064445319087,17.5386925433703,537.77
78.6065630763829,17.5296614043204,554.44
78.6066815499903,17.5206302562781,510.05
78.6067999527473,17.5115990992475,494.46
78.6069182846701,17.502567933233,323.36
78.6070365457751,17.4935367582386,63.53
78.6071547360785,17.4845055742686,304.28
78.6072728555964,17.4754743813271,192.79
78.6073909043453,17.4664431794184,348.42
78.6075088823412,17.4574119685465,526.66
78.6076267896003,17.4483807487158,421.7
78.607744626139,17.4393495199303,199.97
78.6078623919733,17.4303182821943,184.59
78.6079800871195,17.421287035512,326.46
78.6080977115936,17.4122557798876,109.19
78.6082152654119,17.4032245153252,157.23
78.6083327485905,17.394193241829,227.04
78.6084501611455,17.3851619594033,802.12
78.6085675030931,17.3761306680521,809.36
78.6086847744492,17.3670993677798,610.34
78.6088019752302,17.3580680585905,230.14
78.6155036496711,17.5658996301429,953.46
78.6156219408562,17.5568684559364,860.5
78.6157401614038,17.547837272731,606.74
78.6158583113301,17.5388060805308,680.11
78.6159763906514,17.5297748793399,521.99
78.6160943993839,17.5207436691626,440.14
78.6162123375438,17.511712450003,306.31
78.6163302051473,17.5026812218653,305.66
78.6164480022107,17.4936499847537,232.14
78.6165657287501,17.4846187386724,180.04
78.6166833847817,17.4755874836255,363.05
78.6168009703217,17.4665562196172,442.7
78.6169184853863,17.4575249466518,709.34
78.6170359299915,17.4484936647333,478.39
78.6171533041536,17.4394623738661,657.83
78.6172706078886,17.4304310740541,417.35
78.6173878412126,17.4213997653018,393.61
78.6175050041418,17.4123684476132,142.32
78.6176220966922,17.4033371209925,205.8
78.61773911888,17.3943057854439,285.75
78.6178560707211,17.3852744409716,1102.51
78.6179729522316,17.3762430875798,614.85
78.6180897634277,17.3672117252726,512.38
78.6182065043252,17.3581803540544,305.19
78.6250367220549,17.556981670448,703.59
78.6251544768774,17.5479504253341,786.16
78.6252721613566,17.5389191712313,610.44
78.6253897755088,17.5298879081438,606.58
78.62550731935,17.5208566360758,468.29
78.6256247928966,17.5118253550314,403.51
78.6257421961646,17.5027940650148,271.35
78.6258595291702,17.4937627660301,427.63
78.6259767919295,17.4847314580816,476.42
78.6260939844586,17.4757001411735,284.24
78.6262111067737,17.4666688153098,578.8
78.6263281588907,17.4576374804949,640.3
78.6264451408259,17.4486061367328,723.86
78.6265620525952,17.4395747840277,1271.6
78.6266788942148,17.4305434223839,522.82
78.6267956657006,17.4215120518055,346.5
78.6269123670687,17.4124806722967,439.33
78.6270289983352,17.4034492838617,442.33
78.6271455595161,17.3944178865046,411.81
78.6272620506272,17.3853864802297,884.26
78.6273784716847,17.3763550650411,468.14
78.6274948227046,17.367323640943,478.91
78.6276111037027,17.3582922079396,382.66
78.634803230677,17.5300004907175,582.02
78.6349203096109,17.520969157003,565.6
78.635037318528,17.511937814318,401.13
78.6351542574444,17.5029064626667,448.1
78.6352711263761,17.4938751020532,579.27
78.6353879253391,17.4848437324817,636.69
78.6355046543496,17.4758123539565,426.08
78.6356213134236,17.4667809664815,417.1
78.6357379025771,17.4577495700612,621.51
78.6358544218261,17.4487181646995,1174.29
78.6359708711866,17.4396867504008,1087.16
78.6360872506747,17.4306553271691,851.65
78.6362035603063,17.4216238950087,437.76
78.6363198000973,17.4125924539237,416.35
78.6364359700638,17.4035610039183,472.24
78.6365520702218,17.3945295449967,626.97
78.636668100587,17.385498077163,529.06
78.6367840611755,17.3764666004215,541.44
78.6368999520032,17.3674351147763,969.67
78.637015773086,17.3584036202317,489.8
78.6443333698886,17.5210812319296,492.76
78.6444499141602,17.5120498278482,423.01
78.6445663887088,17.5030184148064,706.43
78.6446827935505,17.4939869928083,498.42
78.6447991287013,17.484955561858,796.16
78.6449153941771,17.4759241219598,594.47
78.645031589994,17.4668926731178,405.42
78.6451477161679,17.4578612153361,526.7
78.6452637727147,17.448829748619,1096.14
78.6453797596505,17.4397982729706,939.06
78.6454956769911,17.4307667883951,758.08
78.6456115247524,17.4217352948967,452.08
78.6457273029505,17.4127037924795,412.59
78.6458430116011,17.4036722811477,575.38
78.6459586507201,17.3946407609055,668.73
78.6460742203235,17.3856092317571,623.32
78.6461897204271,17.3765776937066,648.8
78.6463051510467,17.3675461467582,587.13
78.6464205121983,17.3585145909161,533.62
78.6539785896802,17.5031299214195,564.23
78.6540945304159,17.4940984382809,570.06
78.6542104017384,17.4850669461961,625.58
78.6543262036635,17.476035445169,519.15
78.6544419362074,17.467003935204,547.62
78.6545575993857,17.4579724163052,470.72
78.6546731932144,17.4489408884767,879.47
78.6547887177095,17.4399093517228,718.79
78.6549041728867,17.4308778060475,501.17
78.6550195587619,17.4218462514551,444.13
78.655134875351,17.4128146879497,647.45
78.6552501226698,17.4037831155355,579.09
78.6553653007342,17.3947515342166,555.81
78.6554804095598,17.3857199439974,661.73
78.6555954491627,17.3766883448818,935.77
78.6557104195584,17.3676567368741,841.19
78.6558253207628,17.3586251199785,686.39
78.6635063366945,17.4942094384565,642.38
78.6636217441727,17.4851778854813,660.29
78.6637370825314,17.4761463235696,805.4
78.6638523517862,17.4671147527258,881.32
78.6639675519531,17.4580831729539,644.97
78.6640826830479,17.4490515842582,637.24
78.6641977450864,17.4400199866428,616.92
78.6643127380843,17.4309883801118,710.68
78.6644276620576,17.4219567646694,618.88
78.6645425170219,17.4129251403198,588.53
78.6646573029931,17.4038935070672,532.41
78.6647720199869,17.3948618649158,856.26
78.664886668019,17.3858302138696,719.99
78.6650012471053,17.3767985539329,892.78
78.6651157572613,17.3677668851098,690.1
78.6652301985029,17.3587352074045,778.57
78.6733775735927,17.458193485268,1038.85
78.6734922419376,17.4491618359491,788.36
78.6736068415037,17.4401301777163,719.22
78.6737213723066,17.4310985105736,684.57
78.6738358343621,17.4220668345254,792.8
78.6739502276859,17.4130351495757,674.75
78.6740645522937,17.4040034557286,593.74
78.6741788082012,17.3949717529885,958.04
78.6742929954241,17.3859400413594,1004.71
78.674407113978,17.3769083208454,927.35
78.6745211638787,17.3678765914508,769.01
78.6746351451418,17.3588448531798,786.47
78.6833580070659,17.4131447157028,843.77
78.6834718702946,17.4041129615054,751.11
78.6835856651002,17.3950811984205,703.7
78.6836993914981,17.3860494264524,771.66
78.6838130495041,17.3770176456052,897.33
78.6839266391338,17.3679858558831,992.18
78.2393651684039,17.5339165186762,348.63
78.2486396884682,17.5430760432194,227.67
78.2487759775275,17.5340474556833,307.02
78.2489121851497,17.525018858908,151.16
78.2490483113537,17.515990252898,459.92
78.2491843561581,17.5069616376576,620.47
78.2493203195815,17.4979330131912,385.03
78.2494562016427,17.488904379503,530.39
78.2495920023603,17.4798757365975,825.21
78.249727721753,17.470847084479,591.95
78.258051043795,17.5432066058087,180.52
78.2581868680881,17.5341779468491,160.95
78.2583226112216,17.5251492786573,289.05
78.2584582732143,17.5161206012375,499.57
78.2585938540848,17.5070919145941,822.26
78.2587293538516,17.4980632187314,868.32
78.2588647725335,17.4890345136539,958.92
78.2590001101489,17.4800057993657,1097.96
78.2591353667166,17.4709770758713,904.85
78.259270542255,17.461948343175,764.79
78.2674624803,17.5433367222959,245.76
78.2675978398082,17.5343079921568,84.19
78.2677331184344,17.5252792527923,124.32
78.2678683161972,17.5162505042066,422.45
78.2680034331151,17.507221746404,609.34
78.2681384692068,17.498192979389,804.4
78.2682734244907,17.4891642031659,1085.99
78.2684082989854,17.4801354177389,1502.1
78.2685430927095,17.4711066231125,541.74
78.2686778056813,17.4620778192908,665.59
78.2768739977056,17.543466392664,499.15
78.2770088924103,17.5344375915894,229.93
78.2771437065106,17.5254087812961,291.1
78.2772784400249,17.5163799617884,334.54
78.2774130929717,17.5073511330706,595.6
78.2775476653696,17.4983222951471,791.45
78.2776821572371,17.4892934480222,1252.13
78.2778165685925,17.4802645917002,1506.31
78.2779508994545,17.4712357261855,529.65
78.2780851498413,17.4622068514824,500.46
78.2862855957342,17.5435956168963,490.03
78.2864200256169,17.5345667451301,565.47
78.2865543751727,17.525537864152,328.27
78.28668864442,17.5165089739662,124.9
78.2868228333773,17.5074800745771,228.81
78.286956942063,17.4984511659889,330.3
78.2870909704955,17.4894222482061,446.78
78.2872249186932,17.4803933212329,422.88
78.2873587866746,17.4713643850737,340.29
78.287492574458,17.4623354397328,442.22
78.2955632289982,17.5527533279801,362.52
78.2956972741082,17.5437243949759,448.24
78.2958312391505,17.5346954527622,304.51
78.2959651241433,17.5256665013431,249.56
78.2960989291052,17.5166375407231,200.15
78.2962326540544,17.5076085709065,340.98
78.2963662990094,17.4985795918976,337.43
78.2964998639886,17.4895506037008,266.14
78.2966333490102,17.4805216063202,364.37
78.2967667540926,17.4714925997603,384.73
78.2969000792542,17.4624635840254,600.52
78.3049754525766,17.5528817301006,442.44
78.3051090325501,17.5438527268861,519.49
78.3052425327334,17.5348237144687,348.25
78.3053759531449,17.5257946928528,333.22
78.3055092938029,17.5167656620425,178.79
78.3056425547258,17.5077366220424,67.95
78.3057757359318,17.4987075728566,322.01
78.3143877559635,17.5530096857911,632.31
78.3145208707821,17.5439806126102,591.52
78.3146539060882,17.5349515302332,648.5
78.3147868619,17.5259224386643,542.65
78.3149197382359,17.5168933379078,370.31
78.315052535114,17.507864227968,210.37
78.3151852525527,17.4988351088492,36.53
78.3238001388812,17.5531371950347,372.42
78.3239327885266,17.5441080521316,387.12
78.3240653589372,17.535078900039,510.32
78.3241978501311,17.526049738761,513.6
78.3243302621265,17.5170205683022,377.86
78.3244625949417,17.5079913886667,362.48
78.3245948485949,17.4989621998589,116.11
78.330760540096,17.5538057565195,386.72
78.3315888118566,17.5431016924851,132.87
78.3334737153918,17.5352026941694,377.8
78.3336089175606,17.5261765931265,448.71
78.3337408651974,17.5171473532093,351.26
78.3338727339315,17.508118104122,192.32
78.3340045237809,17.4990888458691,70.86
78.3423186388405,17.534090737337,571.59
78.343020063911,17.5263030017442,286.97
78.343151547171,17.5172736926126,179.51
78.3432829518059,17.5082443743175,290.88
78.3434142778335,17.4992150468634,55.31
78.2594056367828,17.4529196012812,1007.17
78.2595406503184,17.4438908501941,848.73
78.2688124379196,17.4530490062784,815.35
78.2689469894426,17.4440201840795,704.02
78.2690794827137,17.4350768633889,909.49
78.2726641107205,17.427001259846,722.49
78.2649084968532,17.4302534999136,743.09
78.2782193197715,17.4531779675951,644.64
78.2783534092635,17.4441490745281,664.08
78.2784874183357,17.4351201722857,876.91
78.2786213470064,17.4260912608722,869.01
78.2876262820617,17.4533064852145,541.62
78.2877599095043,17.4442775215231,617.72
78.2878934568039,17.435248548663,876.44
78.2880269239789,17.4262195666386,870.24
78.2970333245132,17.4534345591198,903.61
78.2971664898879,17.4444055250478,728.13
78.2972995753966,17.4353764818138,584.14
78.2974325810576,17.4263474294221,653.42
78.3059088374392,17.4896785144895,264.59
78.3060418592664,17.4806494469455,227.04
78.3061748014316,17.4716203702287,177.02
78.306307663953,17.4625912843436,168.5
78.3064404468489,17.4535621892945,270.4
78.3065731501375,17.4445330850856,567.23
78.3067057738371,17.4355039717214,561.7
78.3068383179659,17.4264748492061,696.36
78.3153178905702,17.4898059805558,145.19
78.3154504491846,17.4807768430921,108.81
78.3155829284143,17.4717476964623,221.57
78.3157153282773,17.4627185406708,730.6
78.3158476487919,17.453689375722,530.22
78.3159798899762,17.44466020162,592.6
78.3161120518485,17.4356310183692,319.64
78.3162441344267,17.426601825974,565.91
78.4678666831956,17.3473002887486,113.99
78.4772696654957,17.3474191404302,158.96
78.4866727222108,17.3475375510017,329.5
78.4960758530644,17.3476555204476,130.49
78.5054790577799,17.3477730487527,99.54
78.5148823360809,17.3478901359017,34.6
78.5242856876908,17.3480067818794,126.29
78.4490609429461,17.3470612621166,84.83
78.449185808727,17.3380310266916,162.43
78.4493105992807,17.3290007822592,205.3
78.4494353146243,17.3199705288239,135.79
78.4495599547749,17.3109402663898,239.45
78.4496845197496,17.3019099949612,195.41
78.4498090095655,17.2928797145424,134.31
78.4584637755869,17.3471809959722,81.07
78.4585881823193,17.3381506943867,120.05
78.4587125141009,17.3291203838002,139.11
78.4588367709487,17.3200900642169,346.45
78.4589609528797,17.3110597356411,289.82
78.4590850599111,17.302029398077,269.21
78.4592090920597,17.2929990515289,356.56
78.4679906308624,17.3382699212463,36.81
78.4681145038548,17.3292395447492,138.6
78.4682383021898,17.3202091592616,194.46
78.4683620258843,17.3111787647876,90.82
78.4684856749552,17.3021483613315,77.0
78.4686092494196,17.2931179488977,221.47
78.47739315408,17.3383887072548,122.51
78.4775165682662,17.3293582650908,37.51
78.4776399080714,17.3203278139424,155.53
78.4777631735123,17.3112973538138,130.27
78.477886364606,17.3022668847094,248.78
78.4780094813692,17.2932364066333,246.28
78.4867957516956,17.3385070523968,233.37
78.4869187070587,17.3294765448095,65.54
78.4870415883171,17.3204460282439,214.2
78.4871643954876,17.3114155027044,71.13
78.4872871285871,17.3023849681951,254.89
78.4874097876323,17.2933544247203,302.86
78.4961984234327,17.338624956657,177.79
78.4963209199559,17.32959438389,247.24
78.4964433426508,17.3205638021509,242.06
78.496565691534,17.311533211444,174.41
78.4966879666224,17.3025026117734,344.91
78.4968101679328,17.2934720031435,252.08
78.5056011690151,17.33874242002,166.65
78.5057232066815,17.329711782317,105.9
78.505845170796,17.320681135648,20.84
78.5059670613752,17.3116504800173,46.31
78.5060888784358,17.3026198154291,164.74
78.5062106219946,17.2935891418876,377.38
78.5150039881661,17.3388594424705,237.4
78.5151255669591,17.3298287400752,196.54
78.5152470724765,17.32079802872,87.82
78.5153685047349,17.3117673084091,177.27
78.5154898637511,17.3027365791468,243.51
78.5156111495416,17.2937058409374,516.7
78.5244068806094,17.3389760239934,65.17
78.5245280005123,17.3299452571495,105.23
78.5246490474159,17.3209144813516,152.41
78.524770021337,17.3118836966043,188.71
78.524890922292,17.3028529029115,215.21
78.5250117502976,17.2938221002777,444.05
78.4114503675905,17.3465779162137,262.24
78.4115770693936,17.3375479478666,143.57
78.411703694864,17.328517970487,204.94
78.4208528975954,17.3466994142302,260.84
78.4209791404189,17.3376693787482,399.12
78.421105307186,17.32863933424,269.2
78.4302555036739,17.34682047123,326.87
78.4303812875004,17.3377903688567,219.24
78.430506995547,17.3287602574635,87.18
78.4396581855497,17.3469410871973,364.63
78.4397835103619,17.3379109181763,264.1
78.4399087596706,17.3288807401418,211.61
78.552496179609,17.3483540726333,127.82
78.5526159949283,17.3393231228454,95.25
78.5527357380613,17.3302921641175,125.23
78.5528554090243,17.321261196454,140.75
78.5529750078339,17.3122302198589,130.71
78.5530945345064,17.3031992343365,171.89
78.5532139890581,17.294168239891,295.66
78.5533333715056,17.2851372365266,527.35
78.553452681865,17.2761062242477,370.2
78.5535719201529,17.2670752030583,608.99
78.5536910863854,17.2580441729627,725.6
78.5536393454897,17.2502898855645,859.21
78.5618998216894,17.3484689537748,97.77
78.5620191777759,17.339437940507,77.44
78.5621384619527,17.3304069183053,89.15
78.562257674236,17.3213758871738,27.68
78.5623768146422,17.3123448471168,59.13
78.5624958831876,17.3033137981384,332.08
78.5626148798886,17.294282740243,273.14
78.5627338047614,17.2852516734346,351.29
78.5628526578224,17.2762205977176,478.68
78.5629714390879,17.2671895130961,506.01
78.5630901485741,17.2581584195744,751.67
78.5636433120349,17.2496065102569,986.01
78.5664295575077,17.243472561113,744.4
78.5713035356959,17.3485833936698,214.4
78.5714224325334,17.3395523171659,14.79
78.5715412577375,17.330521231734,41.13
78.5716600113247,17.3214901373783,42.03
78.5717786933112,17.3124590341031,267.73
78.5718973037132,17.3034279219124,168.88
78.5720158425471,17.2943968008106,374.62
78.5721343098291,17.2853656708018,511.29
78.5722527055754,17.2763345318903,542.47
78.5723710298022,17.2673033840803,556.03
78.5724892825258,17.258272227376,683.88
78.5726074637624,17.2492410617816,842.62
78.5730445740668,17.2428496436802,865.54
78.580707321352,17.3486973923034,368.07
78.580825758924,17.3396662528072,157.48
78.5809441251394,17.3306351043889,114.05
78.5810624200141,17.3216039470527,194.92
78.5811806435646,17.3125727808029,249.56
78.5812987958071,17.3035416056436,193.28
78.5814168767576,17.2945104215791,293.15
78.5815348864324,17.2854792286135,708.33
78.5816528248478,17.2764480267511,388.33
78.5817706920198,17.2674168159961,539.98
78.5818884879645,17.2583855963527,494.7
78.5820062126983,17.2493543678251,560.57
78.5822644932585,17.2423167386651,926.46
78.5901111783811,17.3488109496609,600.12
78.5902291566715,17.3397797474161,779.64
78.5903470638817,17.3307485362551,62.4
78.5904649000279,17.3217173161821,309.51
78.5905826651262,17.3126860872014,360.86
78.5907003591928,17.3036548493172,169.0
78.5908179822437,17.2946236025336,182.45
78.5909355342953,17.2855923468548,300.56
78.5910530153635,17.2765610822852,357.05
78.5911704254645,17.2675298088288,404.87
78.5912877646143,17.2584985264899,540.89
78.5914049597708,17.2494679474738,767.53
78.5945561403624,17.2443480632275,727.38
78.5886182488994,17.2425072021561,689.84
78.5995151065066,17.3489240657275,308.69
78.5996326254992,17.3398928009778,220.84
78.5997500736881,17.3308615273179,76.5
78.5998674510895,17.3218302447519,148.15
78.5999847577194,17.312798953284,36.72
78.600101993594,17.3037676529185,264.77
78.6002191587294,17.2947363436595,228.88
78.6003362531415,17.2857050255112,291.83
78.6004532768465,17.2766736984779,412.24
78.6005702298604,17.2676423625637,633.55
78.6000667940161,17.2593879177505,568.57
78.5984792502111,17.2496236058068,828.06
78.5966690243989,17.2447085029738,815.39
78.6089191054519,17.3490367404884,349.08
78.6090361651304,17.3400054134777,385.18
78.609153154282,17.3309740775626,144.82
78.6092700729225,17.3219427327473,125.27
78.609386921068,17.312911379036,180.81
78.6095036987346,17.3038800164329,166.04
78.6096204059382,17.2948486449421,234.54
78.6097370426949,17.2858172645679,382.54
78.6098536090206,17.2767858753145,512.05
78.6099701049313,17.2677544771861,603.16
78.6102779684267,17.2602608525069,862.37
78.6183231749402,17.3491489739292,404.75
78.6184397752888,17.3401175849012,274.82
78.6185563053869,17.3310861869747,357.32
78.6186727652505,17.3220547801538,406.51
78.6187891548956,17.3130233644427,357.89
78.618905474338,17.3039919398457,437.23
78.619021723594,17.2949605063669,489.76
78.6191379026792,17.2859290640105,324.54
78.6192540116097,17.2768976127807,467.69
78.6193700504013,17.2678661526816,499.42
78.6196706353422,17.2594250751206,516.81
78.6240164221467,17.2543008078213,704.45
78.6277273146951,17.3492607660351,519.27
78.6278434556976,17.3402293152337,333.32
78.6279595267263,17.3311978555395,425.32
78.628075527797,17.3221663869568,307.96
78.6281914589257,17.3131349094898,447.77
78.6283073201282,17.3041034231425,684.53
78.6284231114204,17.2950719279193,718.7
78.6285388328182,17.2860404238243,536.78
78.6286544843376,17.2770089108617,652.35
78.6287700659942,17.2679773890357,710.51
78.6371315244397,17.3493721167917,482.35
78.6372472060803,17.3403406044606,509.22
78.6373628180236,17.3313090832426,527.82
78.6374783602856,17.3222775531418,309.8
78.6375938328819,17.3132460141625,528.83
78.6377092358285,17.3042144663088,751.8
78.6378245691412,17.2951829095849,860.47
78.6379398328358,17.2861513439949,509.0
78.6380550269281,17.2771197695432,742.35
78.6381701514339,17.2680881862338,730.08
78.6465358038975,17.3494830261845,469.57
78.6466510261603,17.3404514525676,519.06
78.6467661790024,17.3314198700695,487.42
78.6468812624397,17.3223882786944,458.17
78.6469962764879,17.3133566784466,456.96
78.6471112211628,17.3043250693301,622.58
78.6472260964801,17.2952934513492,808.36
78.6473409024557,17.286261824508,685.34
78.6559401527918,17.3495934941992,537.59
78.6560549156609,17.3405618595402,677.9
78.6561696093861,17.3315302160058,601.31
78.6562842339829,17.3224985636003,544.81
78.6563987894672,17.3134669023276,496.22
78.6565132758546,17.3044352321921,560.47
78.6566276931608,17.2954035531979,686.79
78.5336891123332,17.3481229866706,124.83
78.5338098460686,17.3390921645736,130.14
78.5430926097314,17.3482387502602,105.17
78.543212884267,17.3392078641959,84.68
78.4118302440192,17.3194879840792,238.99
78.4119567168765,17.3104579886475,409.32
78.4120831134532,17.3014279841963,394.69
78.4122094337667,17.2923979707297,455.68
78.4123356778342,17.2833679482522,580.51
78.4124618456731,17.2743379167678,740.23
78.4125879373007,17.265307876281,901.24
78.4127139527342,17.256277826796,926.04
78.4128398919909,17.2472477683171,888.6
78.412965755088,17.2382177008486,1072.02
78.4130915420428,17.2291876243948,1570.36
78.4212313979142,17.31960928071,198.4
78.4213574126206,17.3105792181624,338.36
78.4214833513227,17.3015491466016,413.55
78.4216092140376,17.2925190660317,438.84
78.4217350007825,17.2834889764571,839.31
78.4218607115748,17.2744588778821,986.79
78.4219863464317,17.2654287703109,838.9
78.4221119053703,17.2563986537478,722.72
78.4222373884079,17.2473685281971,734.41
78.4223627955616,17.238338393663,853.19
78.4224881268486,17.22930825015,1862.64
78.4306326278308,17.3197301370548,177.09
78.4307581843692,17.3107000076349,327.77
78.4308836651793,17.3016698692079,282.88
78.4310090702783,17.2926397217782,711.72
78.4311343996835,17.2836095653501,812.94
78.4312596534119,17.2745793999278,1066.41
78.4313848314809,17.2655492255156,658.47
78.4315099339074,17.2565190421178,588.36
78.4316349607086,17.2474888497387,768.0
78.4317599119018,17.2384586483824,874.17
78.4312353410816,17.2298641139718,1384.18
78.440033933493,17.319850553098,149.47
78.440159031846,17.3108203570492,195.57
78.440284054747,17.3017901519997,173.46
78.440409002213,17.2927599379537,255.99
78.4405338742611,17.2837297149155,487.5
78.4406586709086,17.2746994828894,509.36
78.4407833921724,17.2656692418796,595.77
78.4409080380697,17.2566389918905,540.4
78.4410326086176,17.2476087329263,674.38
78.441157103833,17.2385784649913,765.65
78.4417732766092,17.2320845838239,855.9
78.4499334242395,17.2838494251377,260.21
78.4500577637889,17.2748191267512,294.66
78.4501820282305,17.2657888193874,349.97
78.4503062175816,17.2567585030504,419.95
78.4504303318589,17.2477281777445,624.41
78.4505543710796,17.238697843474,806.39
78.4501834029503,17.2313832260593,986.13
78.4593330493426,17.2839686960011,467.65
78.4594569317768,17.2749383314978,534.47
78.4595807393793,17.2659079580233,441.18
78.459704472167,17.2568775755818,577.06
78.4598281301569,17.2478471841776,656.88
78.4595111301249,17.2395270524577,726.66
78.4558101966734,17.2337827646461,743.58
78.4687327492944,17.2840875274903,321.02
78.4688561745966,17.2750570971136,451.64
78.4689795253428,17.2660266577719,507.64
78.4691028015503,17.2569962094694,548.75
78.4692260032357,17.2479657522104,664.14
78.4698001884605,17.2395652779659,698.79
78.4730618261282,17.2339313422749,635.78
78.478132523819,17.2842059195898,410.21
78.478255491972,17.2751754235832,331.49
78.4783783858453,17.2661449186178,1272.62
78.4785012054556,17.2571144046977,1016.62
78.4786239508197,17.2480838818273,670.97
78.4787466219545,17.2390533500107,762.61
78.4795791862995,17.2327285737416,811.59
78.4875323726401,17.2843238722843,404.17
78.4876548836273,17.2752933108914,405.61
78.4877773206107,17.2662627405456,633.61
78.487899683607,17.2572321612515,583.26
78.488021972633,17.248201573013,849.79
78.4881441877055,17.2391709758346,791.3
78.4882547762713,17.2324543031269,977.4
78.4969322954819,17.2844413855585,295.4
78.4970543492864,17.2754107590227,395.53
78.4971763293631,17.2663801235402,456.9
78.4972982357287,17.2573494791153,666.21
78.4974200683998,17.2483188257524,830.51
78.4975418273932,17.2392881634555,673.83
78.4970818108646,17.2328898615178,966.64
78.5063322920683,17.2845584593972,374.02
78.5064538886734,17.2755277679619,469.3
78.5065754118267,17.2664970675862,758.64
78.5066968615448,17.2574663582741,905.01
78.5068182378444,17.24843564003,1045.88
78.5064678671637,17.2399355174143,857.63
78.5036349692266,17.2340961487999,736.29
78.5157323621231,17.284675093785,880.75
78.5158535015122,17.2756443376939,583.54
78.5159745677254,17.2666135726684,540.41
78.5160955607795,17.2575827987126,880.85
78.5162164806909,17.2485520158309,1012.85
78.5156300314314,17.2423322657192,1168.66
78.5251325053704,17.2847912887069,762.29
78.5252531875268,17.2757604682036,714.36
78.5253737967834,17.2667296387718,617.95
78.5254943331568,17.2576988004158,864.54
78.5256147966634,17.2486679531399,1007.92
78.5258122887916,17.2423592780422,834.22
78.5339305070646,17.3300613335246,46.92
78.5340510953379,17.3210304935279,235.57
78.534171610905,17.3119996445876,259.94
78.5342920537823,17.302968786708,387.44
78.5344124239865,17.2939379198934,311.52
78.5345327215339,17.2849070441479,435.77
78.5346529464411,17.2758761594757,518.17
78.5347730987246,17.2668452658812,617.35
78.5348931784008,17.2578143633685,616.22
78.5347547824721,17.2490319311088,800.46
78.532456137283,17.2432558388146,745.45
78.5433330863398,17.3301769691857,160.3
78.5434532159662,17.3211460652337,239.84
78.5435732731627,17.3121151523442,276.14
78.5436932579459,17.3030842305213,294.34
78.543813170332,17.2940532997695,406.96
78.5439330103377,17.2850223600927,576.85
78.5440527779792,17.2759914114954,421.1
78.5441724732731,17.2669604539817,512.18
78.5442920962357,17.2579294875558,877.06
78.5444000806639,17.2506199840843,694.67
78.3738410138344,17.3460875142971,224.35
78.3741578665084,17.3373745179899,407.17
78.376669938492,17.3279586992707,440.62
78.3752091710133,17.3187557097669,524.09
78.3832432367811,17.3462107762221,360.49
78.3833713154186,17.3371810107411,390.81
78.3834993168946,17.3281512362086,418.12
78.3836272412265,17.3191214526288,402.64
78.383755088432,17.310091660006,593.09
78.3838828585286,17.3010618583446,635.62
78.3840105515337,17.2920320476488,662.68
78.384138167465,17.2830022279229,723.19
78.3842657063397,17.2739723991712,793.47
78.3843931681756,17.264942561398,812.76
78.392645536907,17.3463335971938,161.41
78.3927731566171,17.3373037638472,259.74
78.392900699442,17.3282739214554,366.97
78.3930281653992,17.3192440700228,153.06
78.3931555545061,17.3102142095535,544.93
78.3932828667801,17.301184340052,836.41
78.3934101022388,17.2921544615225,970.76
78.3935372608995,17.2831245739692,794.7
78.3936643427797,17.2740946773966,686.57
78.3937913478969,17.2650647718088,727.2
78.4020479139355,17.3464559771963,477.19
78.4021750747009,17.3374260762276,363.81
78.4023021588573,17.3283961662202,330.98
78.4024291664222,17.3193662471782,43.15
78.4025560974129,17.310336319106,111.4
78.402682951847,17.3013063820079,344.66
78.4028097297418,17.2922764358881,924.81
78.4029364311146,17.2832464807509,651.18
78.4030630559828,17.2742165166007,738.14
78.4031896043638,17.2651865434417,988.15
78.2734172954326,17.4190610785182,655.93
78.2792290535797,17.4178676008187,652.95
78.2832086800009,17.4123202553605,861.56
78.2881603110477,17.417190575454,670.53
78.2975655068892,17.4173183678769,627.83
78.3069707825419,17.417445717544,619.52
78.3163761377291,17.4175726244387,417.84
78.3247270231041,17.489933001883,65.11
78.3248591184876,17.4809037947435,167.89
78.3249911347636,17.4718745784445,329.31
78.32512307195,17.4628453529905,422.65
78.3252549300651,17.4538161183856,388.35
78.325386709127,17.4447868746343,471.63
78.3255184091537,17.4357576217408,258.41
78.3256500301634,17.4267283597095,61.75
78.3257815721741,17.4176990885446,269.44
78.3259130352038,17.4086698082505,339.8
78.3341362347638,17.4900595784547,156.14
78.3342678668982,17.4810303018832,394.81
78.3343994202023,17.4720010161589,338.68
78.3345308946941,17.4629717212861,242.04
78.3346622903916,17.4539424172691,540.29
78.334793607313,17.4449131041122,344.22
78.3349248454761,17.4358837818197,273.05
78.3350560048991,17.426854450396,172.42
78.3351870856,17.4178251098453,243.24
78.3353180875966,17.4087957601719,477.31
78.3435455252719,17.4901857102543,79.57
78.3436766941392,17.4811563644948,328.74
78.3438077844534,17.472127009589,307.86
78.3439387962324,17.4630976455413,146.08
78.3440697294943,17.4540682723559,159.91
78.3442005842571,17.4450388900373,136.23
78.3443313605386,17.4360094985896,170.08
78.344462058357,17.4269800980172,284.49
78.34459267773,17.4179506883243,303.85
78.3447232186757,17.4089212695153,376.04
78.3644388683431,17.3459638114349,287.61
78.3845205529899,17.2559127146076,773.72
78.3846478608002,17.2468828588044,954.96
78.3847750916238,17.2378529939925,1147.22
78.3849022454783,17.2288231201764,1194.6
78.3939182762683,17.2560348572102,869.15
78.3940451279114,17.247004933605,928.12
78.3941719028435,17.2379750009976,1111.27
78.3942986010821,17.2289450593923,1169.62
78.3944252226444,17.2199151087933,1182.05
78.3945517675478,17.2108851492049,1163.74
78.4033160762749,17.2561565612782,887.22
78.4034424717335,17.2471265701146,1099.1
78.4035687907568,17.2380965699549,1154.56
78.4036950333621,17.2290665608037,1281.86
78.4038211995667,17.2200365426651,1297.38
78.403947289388,17.2110065155435,1135.19
78.4132172528725,17.22015753896,1436.86
78.4133428875943,17.2111274445484,1362.67
78.4226133822861,17.2202780976621,1624.44
78.4227385618913,17.2112479362038,1507.85
78.4307244465606,17.2200892009864,1382.66
78.430998976026,17.2114791944163,1386.74
78.4321013529955,17.2022803366625,1139.4
78.4370356930338,17.2019464880676,1126.19
